0|1|16/03/2023|22/03/2023|8
2|1|30/04/2023|08/05/2023|8
3|3|17/03/2023|22/03/2023|8
4|1|02/04/2023|11/04/2023|4
5|2|26/04/2023|28/04/2023|4
6|4|16/03/2023|22/03/2023|4
7|1|08/04/2023|16/04/2023|4
8|2|28/04/2023|30/04/2023|4
9|5|05/04/2023|17/04/2023|4
11|1|18/05/2023|16/06/2023|4
15|4|26/04/2023|12/05/2023|4
16|10|03/05/2023|02/06/2023|4
17|4|04/05/2023|18/05/2023|4
18|4|10/04/2023|26/04/2023|4
19|1|15/12/2023|10/01/2024|4
20|1|02/04/2023|11/04/2023|4
22|4|16/03/2023|22/03/2023|4
23|1|08/03/2024|23/03/2024|4
21|2|26/04/2023|28/04/2023|4